{
  "daily_kwh": {
    "mae": 6.415406122427311,
    "rmse": 7.93580124507069,
    "r2": 0.9671273652664745
  },
  "monthly_kwh": {
    "mae": 197.6578690633597,
    "rmse": 245.64761667448735,
    "r2": 0.9651804130474194
  },
  "hourly_kwh": {
    "mae": 0.272535993314034,
    "rmse": 0.3370059212435219,
    "r2": 0.9658809211404842
  }
}